emp_id,full_name,role,team_id,hire_date,tenure_years,annual_comp_eur,comp_ratio,perf_score,last_review_date,promotions_count,training_hours_ytd,hours_worked_ytd,medical_check_expiry,safety_training_expiry,first_aid_cert_expiry,mgmt_training_expiry
E001,Andrei Pop,Senior Backend Engineer,T01,2021-03-15,4.2,72000,1.05,4.3,2026-02-10,1,38,724,2026-07-12,2026-09-05,2027-02-18,
E002,Maria Ionescu,Backend Engineer,T01,2023-06-01,1.9,52000,0.92,3.9,2026-01-20,0,42,712,2026-05-30,2026-04-10,2026-11-14,
E003,Vlad Cristea,Staff Engineer,T01,2019-09-10,5.7,98000,1.18,4.6,2026-02-05,2,28,690,2026-08-20,2026-12-01,,
E004,Ioana Stan,Backend Engineer,T01,2024-02-12,1.3,49000,0.88,3.5,2025-12-15,0,30,704,2026-06-04,2026-03-22,2026-09-30,
E005,Cristian Marin,DevOps Engineer,T01,2022-08-22,2.7,68000,1.02,4.1,2026-01-30,0,46,718,2026-10-15,2026-11-08,2027-01-25,
E006,Alexandra Dima,Senior SRE,T01,2020-11-05,4.5,82000,1.08,4.4,2026-02-08,1,52,696,2026-05-18,2026-07-04,2027-03-12,
E007,Bogdan Radu,Engineering Manager,T01,2018-04-18,7.1,115000,1.22,4.7,2026-02-15,2,24,702,2026-09-22,2026-10-30,2026-12-08,2026-08-15
E008,Diana Lupu,Junior Backend Engineer,T01,2025-01-15,0.3,38000,0.82,3.1,2026-01-10,0,18,680,2026-04-08,2026-02-20,,
E009,Razvan Toma,ML Engineer,T02,2022-05-09,3.0,78000,1.10,4.2,2026-02-01,1,55,728,2026-11-04,2026-12-22,2027-04-10,
E010,Elena Voicu,Senior Data Engineer,T02,2020-07-20,4.8,86000,1.12,4.5,2026-02-12,1,48,710,2026-07-30,2026-08-14,2026-10-22,
E011,Mihai Sandu,Data Engineer,T02,2023-09-04,1.7,56000,0.94,3.8,2026-01-25,0,40,715,2026-06-20,2026-05-12,2027-01-08,
E012,Larisa Neagu,ML Engineer,T02,2024-04-22,1.1,58000,0.96,3.7,2026-01-18,0,36,706,2026-08-02,2026-09-25,2026-12-04,
E013,Stefan Cojocaru,Data Scientist,T02,2021-11-30,3.4,74000,1.06,4.0,2026-02-03,0,44,720,2026-10-08,2026-11-15,,
E014,Andreea Tudor,Data & ML Lead,T02,2019-02-28,7.2,108000,1.20,4.6,2026-02-18,2,32,698,2026-09-12,2026-10-28,2027-02-04,2026-07-22
E015,Paul Ene,ML Engineer,T02,2023-03-15,2.2,62000,0.98,4.0,2026-01-22,0,42,712,2026-05-25,2026-04-30,2026-11-26,
E016,Cristina Barbu,Product Manager,T03,2021-06-12,3.9,72000,1.04,4.2,2026-02-09,1,26,688,2026-08-18,2026-12-14,,
E017,Tudor Manea,Senior Product Designer,T03,2020-08-01,4.7,76000,1.08,4.5,2026-02-11,1,34,701,2026-07-06,2026-09-18,2027-03-30,
E018,Oana Dragomir,UX Researcher,T03,2022-10-18,2.6,58000,0.96,4.1,2026-01-28,0,30,694,2026-06-12,2026-08-22,2026-10-15,
E019,Adrian Popescu,Product Designer,T03,2024-06-03,0.9,52000,0.90,3.6,2026-01-12,0,22,672,2026-04-22,2026-03-08,,
E020,Roxana Mihai,Product Analyst,T03,2023-11-21,1.5,54000,0.92,3.8,2026-01-15,0,28,684,2026-05-04,2026-06-18,2026-12-30,
E021,Lucian Pavel,Head of Product,T03,2017-09-15,8.6,128000,1.28,4.8,2026-02-20,3,20,716,2026-11-28,2026-12-04,2027-05-15,2026-09-08
E022,Iulia Constantin,Senior CSM,T04,2020-04-08,5.1,62000,1.04,4.4,2026-02-14,1,32,708,2026-09-30,2026-10-12,2026-11-04,
E023,Vasile Anton,Customer Success Manager,T04,2022-01-17,4.1,54000,0.98,4.0,2026-01-29,0,28,702,2026-07-18,2026-08-26,2027-02-22,
E024,Daniela Filip,CS Engineer,T04,2023-07-25,1.8,52000,0.94,3.7,2026-01-19,0,26,690,2026-06-08,2026-05-24,,
E025,Mircea Lazar,CSM,T04,2021-10-11,3.6,52000,0.94,3.9,2026-01-31,0,30,700,2026-08-14,2026-09-02,2027-01-18,
E026,Anca Iordan,Onboarding Specialist,T04,2024-09-02,0.7,46000,0.88,3.4,2025-12-20,0,18,664,2026-04-30,2026-05-16,2026-10-08,
E027,Sergiu Marcu,Junior CSM,T04,2025-03-10,0.2,42000,0.84,3.2,2026-01-05,0,12,648,2026-03-25,2026-02-12,,
E028,Carmen Dobre,CS Team Lead,T04,2019-05-22,6.0,82000,1.14,4.6,2026-02-16,2,36,712,2026-10-22,2026-11-30,2027-04-26,2026-06-30
E029,Florin Stanciu,Revenue Operations,T05,2022-03-28,3.1,64000,1.00,4.0,2026-02-02,0,32,706,2026-08-10,2026-09-14,2026-12-18,
E030,Mihaela Coman,RevOps Analyst,T05,2023-12-14,1.4,52000,0.92,3.7,2026-01-16,0,28,686,2026-05-15,2026-06-02,2027-03-04,
E031,Catalin Ursu,Sales Operations,T05,2024-08-19,0.7,54000,0.94,3.5,2025-12-22,0,20,668,2026-04-12,2026-03-30,,
E032,Raluca Tanase,RevOps Lead,T05,2020-10-05,4.6,88000,1.16,4.5,2026-02-13,1,38,710,2026-09-25,2026-11-10,2027-02-14,2026-08-04
E033,Gabriela Munteanu,HR Business Partner,T06,2021-02-22,4.2,66000,1.02,4.2,2026-02-07,1,40,704,2026-07-22,2026-08-30,2026-12-12,
E034,Dorina Petrescu,Recruiter,T06,2023-05-09,2.0,54000,0.94,3.9,2026-01-24,0,34,696,2026-06-30,2026-05-08,2027-01-30,
E035,Codrut Visan,People Ops Specialist,T06,2024-11-04,0.5,48000,0.88,3.4,2025-12-18,0,16,660,2026-04-02,2026-02-26,,
E036,Madalina Albu,Senior Recruiter,T06,2020-06-14,5.0,62000,1.00,4.3,2026-02-06,1,42,702,2026-09-08,2026-10-14,2026-11-22,
E037,Nicoleta Calin,Chief People Officer,T06,2019-08-30,5.7,118000,1.24,4.7,2026-02-19,2,28,714,2026-10-30,2026-12-06,2027-05-04,2026-07-12
E038,Sebastian Olaru,HR Lead,T06,2018-11-19,6.4,92000,1.16,4.5,2026-02-17,2,30,708,2026-08-26,2026-09-30,2027-03-22,2026-09-26
E039,Cosmin Avram,Senior Accountant,T07,2020-03-17,5.1,68000,1.04,4.2,2026-02-04,1,36,704,2026-07-04,2026-08-12,2026-11-18,
E040,Simona Vlad,Finance Analyst,T07,2022-07-06,2.8,56000,0.96,3.9,2026-01-27,0,32,698,2026-06-16,2026-05-30,2027-02-08,
E041,Dan Sorin,Legal Counsel,T07,2021-04-03,4.0,82000,1.12,4.4,2026-02-09,1,28,706,2026-09-14,2026-10-22,2026-12-30,
E042,Mihaela Bratu,Head of Finance,T07,2017-12-11,8.4,122000,1.26,4.7,2026-02-21,3,24,718,2026-11-02,2026-12-18,2027-04-08,2026-08-28
E043,Bianca Tomescu,Tax Specialist,T07,2024-01-29,1.3,58000,0.94,3.7,2026-01-21,0,30,690,2026-05-10,2026-04-26,2027-01-14,
E044,Liviu Iancu,Marketing Manager,T08,2021-09-15,3.7,64000,1.02,4.1,2026-02-08,1,34,700,2026-08-04,2026-09-28,2026-12-22,
E045,Andrei Cojanu,Content Lead,T08,2022-12-05,2.5,58000,0.96,4.0,2026-01-26,0,38,694,2026-07-20,2026-08-08,2027-03-16,
E046,Alina Stoica,CMO,T08,2018-07-23,6.8,118000,1.24,4.8,2026-02-22,3,26,712,2026-11-12,2026-12-24,2027-05-22,2026-07-04
E047,Razvan Diaconu,Performance Marketer,T08,2023-08-14,1.8,54000,0.92,3.8,2026-01-23,0,32,696,2026-06-22,2026-05-04,2026-10-30,
E048,Cosmin Bardac,Brand Designer,T08,2024-05-06,1.0,52000,0.92,3.6,2026-01-14,0,24,672,2026-04-18,2026-03-12,,
E049,Ileana Sarbu,Marketing Analyst,T08,2025-02-18,0.3,46000,0.86,3.3,2026-01-08,0,14,656,2026-03-30,2026-02-06,,
E050,Marius Grigorescu,Junior ML Engineer,T02,2025-04-07,0.2,44000,0.84,3.0,2026-01-04,0,10,640,2026-03-18,2026-02-02,,
